EducationInstitutionCategory,EducationInstitutionMaintained by,EducationInstitutionName,WardNumber,Address,school_population,hostelers,public_transport_students
School,Private,AMRITA FUN SCHOOL,14,DR AMBEDKAR ROAD,5571,1671.3,1392.7500000000002
School,Private,SINDHI VIDYALAYA SCHOOL,14,DR AMBEDKAR ROAD,4724,1417.2,1181.0000000000002
School,Corporation,BABY SCHOOL,14,BHARATHIYAR STREET,4023,1206.8999999999999,1005.7500000000002
School,Corporation,CORPORATION SCHOOL,15,MARUTHAMALAI ROAD,4233,1269.8999999999999,1058.2500000000002
School,Private,PRIMARY SCHOOL,15,RADHIKA AVENUE,2422,726.6,605.5000000000001
School,Corporation,CORPORATION SCHOOL,15,THIYAGI KUMARAN STREET,1950,585.0,487.5000000000001
School,Corporation,MOOLAI SCHOOL,15,OLD PERIYAKULAM ROAD,3933,1179.8999999999999,983.2500000000002
School,Corporation,Corporation Primary School,15,OLD PERIYAKULAM ROAD,5570,1671.0,1392.5000000000002
School,Private,SRI VIVEKANANDA SCHOOL,15,OLD PERIYAKULAM ROAD,4746,1423.8,1186.5000000000002
School,Private,ST.ANTONY'S MATRICULATION SCHOOL,15,PERIYAKULAM ROAD,4201,1260.3,1050.2500000000002
School,Corporation,Corporation Higher Secondary School,15,RADHIKA AVENUE,1805,541.5,451.2500000000001
School,Private,KENDRIYA VIDYALAYA,15,THIYAGI KUMARAN STREET,4822,1446.6,1205.5000000000002
School,Private,RAJALAKSHMI MILLS HIGH SCHOOL,63,ANURAGA GARDEN,2562,768.6,640.5000000000001
School,Corporation,CORPORATION ELEMENTARY SCHOOL,63,KALLIMADAI ROAD,1616,484.79999999999995,404.0000000000001
School,Private,KIDS SCHOOL,63,NANJAPPA NAGAR THIRD CROSS STREET,4392,1317.6,1098.0000000000002
School,Corporation,H M GOVT GIRLS HIGH SCHOOL,63,VELLALORE ROAD,3796,1138.8,949.0000000000002
School,Corporation,CORPORATION SCHOOL,63,BOYAR STREET,4976,1492.8,1244.0000000000002
School,Private,SRI RAM SCHOOL,63,OMALUR MAIN ROAD,3952,1185.6,988.0000000000002
School,State,SRI SARASWATHI SCHOOL,63,ELANGO NAGAR,2492,747.6,623.0000000000001
School,State,MARIA SCHOOL,63,NEHRU NAGAR,3129,938.6999999999999,782.2500000000002
School,Private,SNEHA SCHOOL,63,VISHNU NAGAR,4702,1410.6,1175.5000000000002
School,Corporation,GOVT BOYS HIGH SCHOOL,63,GANDHI ROAD,1846,553.8,461.5000000000001
School,Private,KINDLE SCHOOL,63,VIJAY NAGAR,5344,1603.2,1336.0000000000002
School,Corporation,THIRUVALLUVAR SCHOOL,63,RAJA STREET,2430,729.0,607.5000000000001
School,Private,BLOOMING SCHOOL,63,BRINDAVAN NAGAR,5131,1539.3,1282.7500000000002
School,Corporation,NATIONAL SCHOOL,63,LAKSHMI NAGAR,4469,1340.7,1117.2500000000002
School,Private,GOOD SHEPHERD SCHOOL,63,MARIAMMAN KOVIL STREET,2324,697.1999999999999,581.0000000000001
School,State,SARASWATHI VIDYALAYA,63,AKKALANKA ROAD,4459,1337.7,1114.7500000000002
School,Private,ST. JOSEPH SCHOOL,63,PARTHASARATHY STREET,3114,934.1999999999999,778.5000000000002
School,Corporation,DR. BR Ambedkar SCHOOL,63,PILLAYAR KOVIL STREET,3499,1049.7,874.7500000000002
School,State,VIVEKANANDA SCHOOL,63,MUNISHAMY NAGAR,5675,1702.5,1418.7500000000002
School,Corporation,MOTHER THERESA SCHOOL,63,RAJIV GANDHI NAGAR,1415,424.5,353.75000000000006
School,Private,PRINCETON SCHOOL,63,SARAVANAMPATTI,1258,377.4,314.50000000000006
School,Private,LITTLE FLOWER SCHOOL,63,THIRUVALLUVAR ROAD,1535,460.5,383.75000000000006
School,Corporation,COLLEGE OF ARTS,63,KAMARAJAR NAGAR,1384,415.2,346.00000000000006
School,Private,ST. MARY'S SCHOOL,63,MANGALAM ROAD,1705,511.5,426.2500000000001
School,Corporation,GLOBAL SCHOOL,63,NEW COLONY,4929,1478.7,1232.2500000000002
School,Private,BRIGHT FUTURE SCHOOL,63,GANDHI NAGAR,1092,327.59999999999997,273.00000000000006
School,State,DR. VISHWESHVARAIYA SCHOOL,63,ANNANAGAR,4505,1351.5,1126.2500000000002
School,Private,PRINCE SCHOOL,63,SURYA NAGAR,1626,487.79999999999995,406.5000000000001
School,Corporation,ELITE SCHOOL,63,SELVAM NAGAR,4908,1472.3999999999999,1227.0000000000002
School,State,JAWAHAR SCHOOL,63,SHANTI NAGAR,1713,513.9,428.2500000000001
School,Private,SHANTHI SCHOOL,63,MOUNT ROAD,5406,1621.8,1351.5000000000002
School,Corporation,RAJ SCHOOL,63,RAILWAY ROAD,1001,300.3,250.25000000000006
School,State,NATIONAL HIGH SCHOOL,63,ANAND ROAD,1844,553.1999999999999,461.0000000000001
School,Private,ROYAL SCHOOL,63,DR. AMBEDKAR STREET,4656,1396.8,1164.0000000000002
School,Corporation,KAVERI SCHOOL,63,NEW AGRAHARAN,1275,382.5,318.75000000000006
School,State,KENDRIYA VIDYALAYA,63,GOVINDAPURAM,1033,309.9,258.25000000000006
School,Private,ST. ANNE'S SCHOOL,63,RAJALAKSHMI NAGAR,1149,344.7,287.25000000000006
School,Corporation,GHSS SCHOOL,63,VIVEKANANDHA NAGAR,5763,1728.8999999999999,1440.7500000000002
School,Private,LOVELY SCHOOL,63,RAM NAGAR,5739,1721.7,1434.7500000000002
School,State,KAILASAM SCHOOL,63,VALAYAPALAYAM,4686,1405.8,1171.5000000000002
School,Corporation,SHREE SCHOOL,63,LAKSHMI NAGAR,1697,509.09999999999997,424.2500000000001
School,Private,COLORFUL SCHOOL,63,THIRUMALAI NAGAR,3457,1037.1,864.2500000000002
School,State,SANDHYA SCHOOL,63,KARTHIK NAGAR,2987,896.1,746.7500000000001
School,Corporation,SRI VIDYA SCHOOL,63,KALIDASAN NAGAR,1027,308.09999999999997,256.75000000000006
School,Private,NORTH SCHOOL,63,VENKATESH NAGAR,2096,628.8,524.0000000000001
School,State,NEW HOPE SCHOOL,63,RAMAPURAM,5822,1746.6,1455.5000000000002
School,Corporation,VIJAY SCHOOL,63,PRABHA NAGAR,5234,1570.2,1308.5000000000002
School,Private,SHINE SCHOOL,63,GOVERNMENT COLONY,1571,471.29999999999995,392.7500000000001
School,State,SAMPATH SCHOOL,63,ADISANKARA NAGAR,5938,1781.3999999999999,1484.5000000000002
School,Corporation,MUNICIPAL SCHOOL,63,CO-OPERATIVE NAGAR,4809,1442.7,1202.2500000000002
School,Private,BRIGHT ACADEMY,63,INDUSTRIAL AREA,5990,1797.0,1497.5000000000002
School,State,INNOVATIVE SCHOOL,63,NASRATH KOVIL STREET,5637,1691.1,1409.2500000000002
School,Corporation,CHETTINAD SCHOOL,63,THERKADAI,5906,1771.8,1476.5000000000002
School,Private,GRAZING SCHOOL,63,PUDUPALAYAM,3402,1020.5999999999999,850.5000000000002
School,State,ST. XAVIER'S SCHOOL,63,KODUMUDI,4122,1236.6,1030.5000000000002
School,Private,SARVODAYA SCHOOL,63,KURUMBAKAVU,3795,1138.5,948.7500000000002
School,Corporation,RISE SCHOOL,63,ELANGO NAGAR,2665,799.5,666.2500000000001
School,State,VISUAL SCHOOL,63,RAJESWARI NAGAR,5780,1734.0,1445.0000000000002
School,Private,TECHNO SCHOOL,63,NEW CAMPUS,2492,747.6,623.0000000000001
School,Corporation,JOYFUL SCHOOL,63,SRINIVAS NAGAR,4901,1470.3,1225.2500000000002
School,Private,HAPPY SCHOOL,63,MULLAI NAGAR,2218,665.4,554.5000000000001
School,Corporation,TRUST SCHOOL,63,MITHILA NAGAR,1542,462.59999999999997,385.5000000000001
School,State,CENTRAL SCHOOL,63,RANIPET,5474,1642.2,1368.5000000000002
School,Private,ASHOKA SCHOOL,63,ADHYAPANA NAGAR,4514,1354.2,1128.5000000000002
School,Corporation,DELIGHT SCHOOL,63,AMMAIYAPPAN NAGAR,3738,1121.3999999999999,934.5000000000002
School,State,CLOUD SCHOOL,63,PUNNIYAKOTTAI,1116,334.8,279.00000000000006
School,Private,WONDERLAND SCHOOL,63,RAMALINGAM NAGAR,3856,1156.8,964.0000000000002
School,Corporation,FLORENCE SCHOOL,63,SIVANANDHA NAGAR,2216,664.8,554.0000000000001
School,Private,NICE SCHOOL,63,RAMAIYA NAGAR,2703,810.9,675.7500000000001
School,State,AMAZING SCHOOL,63,MUDIYIRUPPU,2646,793.8,661.5000000000001
School,Corporation,HARMONY SCHOOL,63,MALAYALAPALAYAM,1988,596.4,497.0000000000001
School,Private,COSMIC SCHOOL,63,PULLARAPALLI,2488,746.4,622.0000000000001
School,Corporation,POSITIVE SCHOOL,63,VEERAPANDI,5655,1696.5,1413.7500000000002
School,State,RISING SUN SCHOOL,63,ANNADURAI NAGAR,5438,1631.3999999999999,1359.5000000000002
School,Private,GLOWING SCHOOL,63,NEHRU NAGAR,2017,605.1,504.2500000000001
School,Corporation,STELLAR SCHOOL,63,KATTAMPUTHUR,3088,926.4,772.0000000000002
School,State,ELEVATED SCHOOL,63,KODAMPALAYAM,1721,516.3,430.2500000000001
School,Private,FABULOUS SCHOOL,63,ELANGO NAGAR,2829,848.6999999999999,707.2500000000001
School,Corporation,SAPPHIRE SCHOOL,63,SOMANUR,5189,1556.7,1297.2500000000002
School,State,CRESCENT SCHOOL,63,TIRUPUR ROAD,4543,1362.8999999999999,1135.7500000000002
School,Private,ALPHA SCHOOL,63,RANGANATHAPURAM,4048,1214.3999999999999,1012.0000000000002
School,Corporation,BRAVO SCHOOL,63,KONERIRAPALAYAM,3945,1183.5,986.2500000000002
School,Private,CHARISMA SCHOOL,63,MALAI KOVIL,5947,1784.1,1486.7500000000002
School,State,EAGLE SCHOOL,63,VALAYAPALAYAM,4726,1417.8,1181.5000000000002
School,Corporation,AVENUE SCHOOL,63,KANDASAMY NAGAR,3764,1129.2,941.0000000000002
School,Private,EXCEL SCHOOL,63,THIRUVALLUR,4759,1427.7,1189.7500000000002
School,State,UNITY SCHOOL,63,ADHYAPANAM,2456,736.8,614.0000000000001
School,Corporation,PROGRESS SCHOOL,63,RAJENDRAN NAGAR,3545,1063.5,886.2500000000002
School,Private,ORBIT SCHOOL,63,PUDUKKOTTAI,4410,1323.0,1102.5000000000002
School,State,HORIZON SCHOOL,63,VEERANAM,5422,1626.6,1355.5000000000002
School,Corporation,TRANQUIL SCHOOL,63,THRUPUR,5010,1503.0,1252.5000000000002
School,Private,SPARK SCHOOL,63,NETHAJI NAGAR,2117,635.1,529.2500000000001
School,State,GRACE SCHOOL,63,PATTISWAMY NAGAR,3786,1135.8,946.5000000000002
School,Corporation,ARISE SCHOOL,63,METHA NAGAR,4983,1494.8999999999999,1245.7500000000002
School,Private,CROWN SCHOOL,63,PALANI NAGAR,1073,321.9,268.25000000000006
School,State,AIM HIGH SCHOOL,63,VEERANAM,5805,1741.5,1451.2500000000002
School,Corporation,CEDAR SCHOOL,63,GODHULI,4900,1470.0,1225.0000000000002
School,Private,MEGA SCHOOL,63,THADAGAM ROAD,5613,1683.8999999999999,1403.2500000000002
School,State,PEACE SCHOOL,63,THIRUPUR,2059,617.6999999999999,514.7500000000001
School,Corporation,ONWARD SCHOOL,63,OLYMPIC NAGAR,5709,1712.7,1427.2500000000002
School,Private,LUMINOUS SCHOOL,63,ANANDAPURAM,3302,990.5999999999999,825.5000000000002
School,State,FAITH SCHOOL,63,NESTLED NAGAR,2998,899.4,749.5000000000001
School,Corporation,ELITE SCHOOL,63,PALAMEDU,5663,1698.8999999999999,1415.7500000000002
School,Private,ASTRAL SCHOOL,63,NAGALAND,3217,965.0999999999999,804.2500000000002
School,State,DRIVE SCHOOL,63,TRAVANCORE NAGAR,1481,444.3,370.25000000000006
School,Corporation,NEO SCHOOL,63,PARLIAMENT ROAD,2721,816.3,680.2500000000001
School,Private,SHADOW SCHOOL,63,RAMAKRISHNAPURAM,1865,559.5,466.2500000000001
School,State,TRANSPARENT SCHOOL,63,NEW TOWN,4728,1418.3999999999999,1182.0000000000002
School,Corporation,IMPACT SCHOOL,63,THOOTHUKUDI,3246,973.8,811.5000000000002
School,Private,ECONOMIC SCHOOL,63,GANDHI KOVIL STREET,5659,1697.7,1414.7500000000002
School,State,GLORIOUS SCHOOL,63,MANGALORE NAGAR,3390,1017.0,847.5000000000002
School,Corporation,HEART SCHOOL,63,VALPARAI,1849,554.6999999999999,462.2500000000001
School,Private,DAZZLING SCHOOL,63,ALAGAPURAM,4588,1376.3999999999999,1147.0000000000002
School,State,VIVID SCHOOL,63,KOOLIKADAI,2121,636.3,530.2500000000001
School,Corporation,THRILL SCHOOL,63,KAMATCHI NAGAR,4337,1301.1,1084.2500000000002
School,Private,LANTERN SCHOOL,63,METTUPALAYAM,2272,681.6,568.0000000000001
School,State,HARMONY SCHOOL,63,KIRAN NAGAR,3283,984.9,820.7500000000002
School,Corporation,PROFOUND SCHOOL,63,ELAMBALAM,2880,864.0,720.0000000000001
School,Private,FULCRUM SCHOOL,63,PALACE ROAD,5539,1661.7,1384.7500000000002
School,State,BRIGHT SCHOOL,63,PARVAI NAGAR,4132,1239.6,1033.0000000000002
School,Corporation,TAJ SCHOOL,63,GANGA NAGAR,5284,1585.2,1321.0000000000002
School,Private,ORIGINAL SCHOOL,63,INDRAPRASTHA,3324,997.1999999999999,831.0000000000002
School,State,CONCRETE SCHOOL,63,NEW HORIZON,2344,703.1999999999999,586.0000000000001
School,Corporation,AIR SCHOOL,63,NEHRU NAGAR,3610,1083.0,902.5000000000002
School,Private,DREAM SCHOOL,63,LAKSHMI PURAM,4104,1231.2,1026.0000000000002
School,State,BRILLIANT SCHOOL,63,SELVAM NAGAR,4104,1231.2,1026.0000000000002
School,Corporation,HOPE SCHOOL,63,GANDHI KOVIL,2708,812.4,677.0000000000001
School,Private,BRAVE SCHOOL,63,ARCHANA NAGAR,3851,1155.3,962.7500000000002
School,State,INSPIRATION SCHOOL,63,KOSAPALAYAM,4802,1440.6,1200.5000000000002
School,Corporation,TRUTH SCHOOL,63,MELUR,1802,540.6,450.5000000000001
School,Private,SPIRIT SCHOOL,63,PUDUVAI,4498,1349.3999999999999,1124.5000000000002
School,State,SILVER SCHOOL,63,VENKATESWARA NAGAR,2716,814.8,679.0000000000001
School,Corporation,FLOURISH SCHOOL,63,KEDAIYUR,1684,505.2,421.0000000000001
School,Private,EDGE SCHOOL,63,TIRUPUR,3291,987.3,822.7500000000002
School,State,HAVEN SCHOOL,63,HEBRON,2952,885.6,738.0000000000001
School,Corporation,STRONG SCHOOL,63,NATHAM,3748,1124.3999999999999,937.0000000000002
School,Private,COSMOS SCHOOL,63,ELLARAI,1368,410.4,342.00000000000006
School,State,UNITY SCHOOL,63,ADISANKARA NAGAR,2956,886.8,739.0000000000001
School,Corporation,HEALING SCHOOL,63,MAVINCHALAI,2526,757.8,631.5000000000001
School,Private,FOCUS SCHOOL,63,PUDUPALAYAM,5837,1751.1,1459.2500000000002
School,State,ELIXIR SCHOOL,63,TIRUPUR,3505,1051.5,876.2500000000002
School,Corporation,CIRCLE SCHOOL,63,KOVILPATTI,5302,1590.6,1325.5000000000002
School,Private,INSPIRE SCHOOL,63,THRUPUR,2450,735.0,612.5000000000001
School,State,RELIEF SCHOOL,63,GURUSAMY NAGAR,1590,477.0,397.5000000000001
School,Corporation,LUMEN SCHOOL,63,MELUR,1516,454.8,379.00000000000006
School,Private,SHIMMER SCHOOL,63,KURUMBA NAGAR,1062,318.59999999999997,265.50000000000006
School,State,GRANDEUR SCHOOL,63,COIMBATORE,2234,670.1999999999999,558.5000000000001
School,Corporation,RENEW SCHOOL,63,ANUPURAM,4659,1397.7,1164.7500000000002
School,Private,BONANZA SCHOOL,63,RATINAM,5440,1632.0,1360.0000000000002
School,State,MOSAIC SCHOOL,63,NAGAI KOVIL STREET,2575,772.5,643.7500000000001
School,Corporation,PROSPER SCHOOL,63,VIRUPAKSHA NAGAR,3827,1148.1,956.7500000000002
School,Private,EXPLORE SCHOOL,63,VADIVELU NAGAR,5366,1609.8,1341.5000000000002
School,State,REJOICE SCHOOL,63,TIRUPUR,4529,1358.7,1132.2500000000002
School,Corporation,VALUE SCHOOL,63,ASHA NAGAR,4183,1254.8999999999999,1045.7500000000002
School,Private,MAJOR SCHOOL,63,THIRUMALAI NAGAR,5507,1652.1,1376.7500000000002
School,State,FIRM SCHOOL,63,KARUPPA NAGAR,4474,1342.2,1118.5000000000002
School,Corporation,HANDFUL SCHOOL,63,COIMBATORE,3134,940.1999999999999,783.5000000000002
School,Private,SAFETY SCHOOL,63,KRISHNAMALAI,3927,1178.1,981.7500000000002
School,State,VALIANT SCHOOL,63,VALAYAPALAYAM,4948,1484.3999999999999,1237.0000000000002
School,Corporation,ADROIT SCHOOL,63,SOMANUR,4638,1391.3999999999999,1159.5000000000002
School,Private,CELEBRITY SCHOOL,63,TIRUPUR,3698,1109.3999999999999,924.5000000000002
School,State,DREAMERS SCHOOL,63,NEHRU NAGAR,4139,1241.7,1034.7500000000002
School,Corporation,SPECTRUM SCHOOL,63,MUTHUR,4676,1402.8,1169.0000000000002
School,Private,ADVENTURE SCHOOL,63,KOVILPATTI,5283,1584.8999999999999,1320.7500000000002
School,State,PATHWAY SCHOOL,63,THIRUVIZHAIYAR,1670,501.0,417.5000000000001
School,Corporation,VISUALIZATION SCHOOL,63,VALPARAI,1943,582.9,485.7500000000001
School,Private,PROSPERITY SCHOOL,63,KALAMBAI,3084,925.1999999999999,771.0000000000002
School,State,MAJESTIC SCHOOL,63,GOVINDAPURAM,2728,818.4,682.0000000000001
School,Corporation,CONVERGENCE SCHOOL,63,ORANGANAL,5307,1592.1,1326.7500000000002
School,Private,CONNECTION SCHOOL,63,KOPPAL,2616,784.8,654.0000000000001
School,State,IMPACT SCHOOL,63,MELUR,3562,1068.6,890.5000000000002
School,Corporation,COMMUNITY SCHOOL,63,TIRUPUR,1900,570.0,475.0000000000001
School,Private,LEAD SCHOOL,63,TULSI NAGAR,2767,830.1,691.7500000000001
School,State,ASTONISH SCHOOL,63,KOVAI,4242,1272.6,1060.5000000000002
School,Corporation,RISE UP SCHOOL,63,TIRUPUR,3076,922.8,769.0000000000002
School,Private,DEEP SCHOOL,63,COIMBATORE,2594,778.1999999999999,648.5000000000001
School,State,FLY HIGH SCHOOL,63,ADHYAPANAM,2423,726.9,605.7500000000001
School,Corporation,ALLIANCE SCHOOL,63,GURUSAMY NAGAR,4419,1325.7,1104.7500000000002
School,Private,PERFECT SCHOOL,63,PUDUPALAYAM,2632,789.6,658.0000000000001
School,State,RESILIENT SCHOOL,63,COIMBATORE,5642,1692.6,1410.5000000000002
School,Corporation,GENIUS SCHOOL,63,THRUPUR,4334,1300.2,1083.5000000000002
School,Private,SHARP SCHOOL,63,VIRUPAKSHA NAGAR,1236,370.8,309.00000000000006
School,State,WHIZ SCHOOL,63,MUTHUR,2121,636.3,530.2500000000001
School,Corporation,SPARKLE SCHOOL,63,OLD HOSPITAL,2156,646.8,539.0000000000001
School,Private,BRIGHTNESS SCHOOL,63,ASHA NAGAR,5691,1707.3,1422.7500000000002
School,State,SAFETY SCHOOL,63,VISAKAPATNAM,5456,1636.8,1364.0000000000002
School,Corporation,FRUITFUL SCHOOL,63,KANADAI,5205,1561.5,1301.2500000000002
School,Private,SPIRITED SCHOOL,63,VAIYAMPALAYAM,2422,726.6,605.5000000000001
School,State,CAMPUS SCHOOL,63,KURUMBAKAVU,4491,1347.3,1122.7500000000002
School,Corporation,ELITE SCHOOL,63,MAVINCHALAI,3113,933.9,778.2500000000002
School,Private,PREMIUM SCHOOL,63,COIMBATORE,4231,1269.3,1057.7500000000002
School,State,SHINE SCHOOL,63,KURUMBAKAVU,3805,1141.5,951.2500000000002
School,Corporation,PARADIGM SCHOOL,63,TIRUPUR,3492,1047.6,873.0000000000002
School,Private,EXCELSIOR SCHOOL,63,PALACOTTAI,2845,853.5,711.2500000000001
School,State,ACTION SCHOOL,63,KODAIKALU,1714,514.1999999999999,428.5000000000001
School,Corporation,VIGILANT SCHOOL,63,KUMARAPALAYAM,2963,888.9,740.7500000000001
School,Private,PREMIER SCHOOL,63,AVINASHI,5293,1587.8999999999999,1323.2500000000002
School,State,SIGNIFICANT SCHOOL,63,THURAIYUR,3942,1182.6,985.5000000000002
School,Corporation,ADVANCED SCHOOL,63,PUNNIYAKOTTAI,5542,1662.6,1385.5000000000002
School,Private,HOLISTIC SCHOOL,63,THIRUPUR,4086,1225.8,1021.5000000000002
School,State,EXPONENTIAL SCHOOL,63,KURUMBAKAVU,4783,1434.8999999999999,1195.7500000000002
School,Corporation,AURORA SCHOOL,63,GIRIKANDI,4432,1329.6,1108.0000000000002
School,Private,BEACON SCHOOL,63,THANDALAM,3306,991.8,826.5000000000002
School,State,TRIUMPH SCHOOL,63,KATTOOR,5761,1728.3,1440.2500000000002
School,Corporation,SYNERGY SCHOOL,63,MELUR,4587,1376.1,1146.7500000000002
School,Private,EXPLORE SCHOOL,63,PUDUPALAYAM,5362,1608.6,1340.5000000000002
School,State,ADAPTIVE SCHOOL,63,KOVILPATTI,1135,340.5,283.75000000000006
School,Corporation,BEYOND SCHOOL,63,TIRUPUR,3733,1119.8999999999999,933.2500000000002
School,Private,HARVEST SCHOOL,63,THRUPUR,5975,1792.5,1493.7500000000002
School,State,RELIABLE SCHOOL,63,KANDASAMY NAGAR,4069,1220.7,1017.2500000000002
School,Corporation,TRUSTWORTHY SCHOOL,63,MELUR,2907,872.1,726.7500000000001
School,Private,SHIMMERING SCHOOL,63,KURUMBA NAGAR,1580,474.0,395.0000000000001
School,State,FORMATIVE SCHOOL,63,VAIYAMPALAYAM,5195,1558.5,1298.7500000000002
School,Corporation,CHARACTER SCHOOL,63,THRUPUR,2916,874.8,729.0000000000001
School,Private,FLOURISHING SCHOOL,63,KURUMBAKAVU,1654,496.2,413.5000000000001
School,State,INNOVATIVE SCHOOL,63,OLD HOSPITAL,1637,491.09999999999997,409.2500000000001
School,Corporation,BEACON SCHOOL,63,THANDALAM,3797,1139.1,949.2500000000002
School,Private,REVOLUTION SCHOOL,63,KANDASAMY NAGAR,2888,866.4,722.0000000000001
School,State,GLORY SCHOOL,63,PALAMEDU,4656,1396.8,1164.0000000000002
School,Corporation,HEART SCHOOL,63,TIRUPUR,5485,1645.5,1371.2500000000002
School,State,AUGMENTED SCHOOL,63,KOVAI,1774,532.1999999999999,443.5000000000001
School,Corporation,PRINCIPAL SCHOOL,63,KANDASAMY NAGAR,2958,887.4,739.5000000000001
School,Private,INTERNAL SCHOOL,63,TIRUPUR,1461,438.3,365.25000000000006
School,State,SPIRIT SCHOOL,63,AVINASHI,5431,1629.3,1357.7500000000002
School,Corporation,PROFIT SCHOOL,63,KOVILPATTI,5329,1598.7,1332.2500000000002
School,Private,SPIRIT SCHOOL,63,KANDASAMY NAGAR,2111,633.3,527.7500000000001
School,State,UPLIFT SCHOOL,63,THRUPUR,2053,615.9,513.2500000000001
School,Corporation,EXPAND SCHOOL,63,KURUMBAKAVU,2890,867.0,722.5000000000001
School,Private,BOOST SCHOOL,63,GIRIKANDI,1154,346.2,288.50000000000006
School,State,SUPPORT SCHOOL,63,KANDASAMY NAGAR,3728,1118.3999999999999,932.0000000000002
School,Corporation,DEVELOP SCHOOL,63,KOVILPATTI,2751,825.3,687.7500000000001
School,Private,THRIVE SCHOOL,63,TIRUPUR,3460,1038.0,865.0000000000002
School,State,ENHANCE SCHOOL,63,VALPARAI,1211,363.3,302.75000000000006
School,Corporation,REIMAGINE SCHOOL,63,KURUMBAKAVU,4163,1248.8999999999999,1040.7500000000002
School,Private,FUTURE SCHOOL,63,KANDASAMY NAGAR,3960,1188.0,990.0000000000002
School,State,FLOURISHING SCHOOL,63,PUDUPALAYAM,4236,1270.8,1059.0000000000002
School,Corporation,STRIVE SCHOOL,63,KOVAI,3117,935.0999999999999,779.2500000000002
School,Private,EXCELLENCE SCHOOL,63,THRUPUR,1210,363.0,302.50000000000006
School,State,INSPIRE SCHOOL,63,GANDHI KOVIL,5971,1791.3,1492.7500000000002
School,Corporation,RISE SCHOOL,63,THANDALAM,3836,1150.8,959.0000000000002
School,Private,ACHIEVE SCHOOL,63,KURUMBAKAVU,1286,385.8,321.50000000000006
School,State,GROW SCHOOL,63,PUDUPALAYAM,2331,699.3,582.7500000000001
School,Corporation,SUPER SCHOOL,63,THRUPUR,3569,1070.7,892.2500000000002
School,Private,CULTURE SCHOOL,63,KOVILPATTI,3687,1106.1,921.7500000000002
School,State,ECONOMY SCHOOL,63,VALPARAI,4244,1273.2,1061.0000000000002
School,Corporation,FOCUS SCHOOL,63,TIRUPUR,5833,1749.8999999999999,1458.2500000000002
School,Private,GRADUATE SCHOOL,63,KANDASAMY NAGAR,1050,315.0,262.50000000000006
School,State,STRATEGY SCHOOL,63,KOVAI,4062,1218.6,1015.5000000000002
School,Corporation,SERVICE SCHOOL,63,PUDUPALAYAM,5327,1598.1,1331.7500000000002
School,Private,PIONEER SCHOOL,63,THRUPUR,2960,888.0,740.0000000000001
School,State,HIGHLIGHT SCHOOL,63,KANDASAMY NAGAR,2846,853.8,711.5000000000001
School,Corporation,EXEMPLARY SCHOOL,63,GANDHI KOVIL,2185,655.5,546.2500000000001
School,Private,TRIUMPH SCHOOL,63,VALPARAI,2338,701.4,584.5000000000001
School,State,CULTIVATE SCHOOL,63,KOVILPATTI,2159,647.6999999999999,539.7500000000001
School,Corporation,TRANSFORM SCHOOL,63,KANDASAMY NAGAR,5067,1520.1,1266.7500000000002
School,Private,INSIGHT SCHOOL,63,THRUPUR,3597,1079.1,899.2500000000002
School,State,ASCENT SCHOOL,63,PUDUPALAYAM,2067,620.1,516.7500000000001
School,Corporation,INNOVATE SCHOOL,63,KURUMBAKAVU,5693,1707.8999999999999,1423.2500000000002
School,Private,EXPAND SCHOOL,63,GANDHI KOVIL,5345,1603.5,1336.2500000000002
School,State,COMMITMENT SCHOOL,63,KANDASAMY NAGAR,3305,991.5,826.2500000000002
School,Corporation,DEVELOP SCHOOL,63,TIRUPUR,2337,701.1,584.2500000000001
School,Private,TRADITION SCHOOL,63,PUDUPALAYAM,4887,1466.1,1221.7500000000002
School,State,GROWTH SCHOOL,63,VALPARAI,5803,1740.8999999999999,1450.7500000000002
School,Corporation,ENRICH SCHOOL,63,KOVAI,2842,852.6,710.5000000000001
School,Private,EXPLORE SCHOOL,63,GANDHI KOVIL,3281,984.3,820.2500000000002
School,State,CULTURE SCHOOL,63,PUDUPALAYAM,1248,374.4,312.00000000000006
School,Corporation,CREATE SCHOOL,63,KANDASAMY NAGAR,2777,833.1,694.2500000000001
School,Private,COLLECT SCHOOL,63,TIRUPUR,2056,616.8,514.0000000000001
School,State,FELICITY SCHOOL,63,KOVAI,5372,1611.6,1343.0000000000002
School,Corporation,FOUNDATION SCHOOL,63,GANDHI KOVIL,1544,463.2,386.0000000000001
School,Private,ACHIEVE SCHOOL,63,PUDUPALAYAM,1120,336.0,280.00000000000006
School,State,SKY SCHOOL,63,KANDASAMY NAGAR,5741,1722.3,1435.2500000000002
School,Corporation,EXCELLENCE SCHOOL,63,TIRUPUR,3507,1052.1,876.7500000000002
School,Private,DREAM SCHOOL,63,PUDUPALAYAM,4212,1263.6,1053.0000000000002
School,State,EXCEED SCHOOL,63,KOVAI,4763,1428.8999999999999,1190.7500000000002
School,Corporation,INNOVATE SCHOOL,63,KANDASAMY NAGAR,3947,1184.1,986.7500000000002
School,Private,CULTURE SCHOOL,63,THRUPUR,5095,1528.5,1273.7500000000002
School,State,INSIGHT SCHOOL,63,PUDUPALAYAM,1701,510.29999999999995,425.2500000000001
School,Corporation,ENRICH SCHOOL,63,KOVAI,5803,1740.8999999999999,1450.7500000000002
School,Private,CULTIVATE SCHOOL,63,GANDHI KOVIL,2986,895.8,746.5000000000001
School,State,EXPAND SCHOOL,63,KANDASAMY NAGAR,4637,1391.1,1159.2500000000002
School,Corporation,FLY SCHOOL,63,PUDUPALAYAM,3612,1083.6,903.0000000000002
School,Private,PROFIT SCHOOL,63,KANDASAMY NAGAR,3506,1051.8,876.5000000000002
School,State,RESILIENT SCHOOL,63,KOVAI,1911,573.3,477.7500000000001
School,Corporation,POWER SCHOOL,63,PUDUPALAYAM,1709,512.6999999999999,427.2500000000001
School,Private,SPIRIT SCHOOL,63,GANDHI KOVIL,3876,1162.8,969.0000000000002
School,State,PROGRESS SCHOOL,63,KOVAI,5028,1508.3999999999999,1257.0000000000002
School,Corporation,EVOLUTION SCHOOL,63,PUDUPALAYAM,3037,911.1,759.2500000000001
School,Private,THRIVE SCHOOL,63,GANDHI KOVIL,1292,387.59999999999997,323.00000000000006
School,State,SUPER SCHOOL,63,KANDASAMY NAGAR,1358,407.4,339.50000000000006
School,Corporation,INNOVATION SCHOOL,63,THRUPUR,5717,1715.1,1429.2500000000002
School,Private,CULTURE SCHOOL,63,PUDUPALAYAM,1733,519.9,433.2500000000001
School,State,SKY SCHOOL,63,GANDHI KOVIL,3063,918.9,765.7500000000001
School,Corporation,STRIVE SCHOOL,63,KANDASAMY NAGAR,3015,904.5,753.7500000000001
School,Private,TRANSFORM SCHOOL,63,TIRUPUR,4907,1472.1,1226.7500000000002
School,State,GROW SCHOOL,63,PUDUPALAYAM,1461,438.3,365.25000000000006
School,Corporation,EVOLVE SCHOOL,63,GANDHI KOVIL,1172,351.59999999999997,293.00000000000006
School,Private,EMERGING SCHOOL,63,KOVILPATTI,2133,639.9,533.2500000000001
School,State,EXPAND SCHOOL,63,KANDASAMY NAGAR,5194,1558.2,1298.5000000000002
School,Corporation,SHINE SCHOOL,63,PUDUPALAYAM,5773,1731.8999999999999,1443.2500000000002
School,Private,PROFIT SCHOOL,63,KOVAI,3767,1130.1,941.7500000000002
School,State,INNOVATE SCHOOL,63,KANDASAMY NAGAR,2418,725.4,604.5000000000001
School,Corporation,ACHIEVE SCHOOL,63,PUDUPALAYAM,3473,1041.8999999999999,868.2500000000002
School,Private,CULTURE SCHOOL,63,KANDASAMY NAGAR,4896,1468.8,1224.0000000000002
School,State,PROSPER SCHOOL,63,KOVILPATTI,3662,1098.6,915.5000000000002
School,Corporation,PROFIT SCHOOL,63,GANDHI KOVIL,1151,345.3,287.75000000000006
School,Private,ACHIEVE SCHOOL,63,KANDASAMY NAGAR,2084,625.1999999999999,521.0000000000001
School,State,EMERGE SCHOOL,63,PUDUPALAYAM,1154,346.2,288.50000000000006
School,Corporation,EXPAND SCHOOL,63,KOVILPATTI,5279,1583.7,1319.7500000000002
School,Private,PROFIT SCHOOL,63,KANDASAMY NAGAR,5156,1546.8,1289.0000000000002
School,State,ENCOURAGE SCHOOL,63,PUDUPALAYAM,5000,1500.0,1250.0000000000002
School,Corporation,SUPPORT SCHOOL,63,KOVAI,5047,1514.1,1261.7500000000002
School,Private,PROFIT SCHOOL,63,KANDASAMY NAGAR,5831,1749.3,1457.7500000000002
School,State,PROGRESS SCHOOL,63,KANDASAMY NAGAR,1410,423.0,352.50000000000006
School,Corporation,GROW SCHOOL,63,PUDUPALAYAM,2159,647.6999999999999,539.7500000000001
School,Private,ACHIEVE SCHOOL,63,GANDHI KOVIL,3848,1154.3999999999999,962.0000000000002
School,State,PROGRESS SCHOOL,63,PUDUPALAYAM,3526,1057.8,881.5000000000002
School,Corporation,INNOVATE SCHOOL,63,KOVAI,5694,1708.2,1423.5000000000002
School,Private,CULTURE SCHOOL,63,KANDASAMY NAGAR,5151,1545.3,1287.7500000000002
School,State,THRIVE SCHOOL,63,PUDUPALAYAM,5861,1758.3,1465.2500000000002
School,Corporation,GROW SCHOOL,63,KANDASAMY NAGAR,2891,867.3,722.7500000000001
School,Private,GROWTH SCHOOL,63,PUDUPALAYAM,2674,802.1999999999999,668.5000000000001
School,State,GROW SCHOOL,63,KANDASAMY NAGAR,1616,484.79999999999995,404.0000000000001
School,Corporation,ACHIEVE SCHOOL,63,PUDUPALAYAM,3650,1095.0,912.5000000000002
School,Private,THRIVE SCHOOL,63,KOVILPATTI,3300,990.0,825.0000000000002
School,State,INNOVATE SCHOOL,63,KANDASAMY NAGAR,5540,1662.0,1385.0000000000002
School,Corporation,CULTIVATE SCHOOL,63,KOVAI,5406,1621.8,1351.5000000000002
School,Private,PROGRESS SCHOOL,63,PUDUPALAYAM,1514,454.2,378.50000000000006
School,State,INNOVATIVE SCHOOL,63,KANDASAMY NAGAR,4016,1204.8,1004.0000000000002
School,Corporation,PROFIT SCHOOL,63,KOVILPATTI,2141,642.3,535.2500000000001
School,Private,ACHIEVE SCHOOL,63,TIRUPUR,1001,300.3,250.25000000000006
School,State,THRIVE SCHOOL,63,KANDASAMY NAGAR,2919,875.6999999999999,729.7500000000001
School,Corporation,PROGRESS SCHOOL,63,PUDUPALAYAM,1719,515.6999999999999,429.7500000000001
School,Private,PROFIT SCHOOL,63,KOVAI,3420,1026.0,855.0000000000002
School,State,ACHIEVE SCHOOL,63,KANDASAMY NAGAR,3303,990.9,825.7500000000002
School,Corporation,CULTIVATE SCHOOL,63,TIRUPUR,4325,1297.5,1081.2500000000002
School,Private,PROGRESS SCHOOL,63,KOVAI,3492,1047.6,873.0000000000002
School,State,ACHIEVE SCHOOL,63,KANDASAMY NAGAR,1453,435.9,363.25000000000006
School,Corporation,PROGRESS SCHOOL,63,GANDHI KOVIL,4079,1223.7,1019.7500000000002
School,Private,PROFIT SCHOOL,63,TIRUPUR,1087,326.09999999999997,271.75000000000006
School,State,CULTIVATE SCHOOL,63,KOVAI,3341,1002.3,835.2500000000002
School,Corporation,THRIVE SCHOOL,63,KANDASAMY NAGAR,1676,502.79999999999995,419.0000000000001
School,Private,ACHIEVE SCHOOL,63,TIRUPUR,5712,1713.6,1428.0000000000002
School,State,PROGRESS SCHOOL,63,KANDASAMY NAGAR,1289,386.7,322.25000000000006
School,Corporation,ACHIEVE SCHOOL,63,KOVAI,2691,807.3,672.7500000000001
School,Private,PROFIT SCHOOL,63,KANDASAMY NAGAR,1448,434.4,362.00000000000006
School,State,EXPAND SCHOOL,63,KANDASAMY NAGAR,5984,1795.2,1496.0000000000002
School,Corporation,PROGRESS SCHOOL,63,GANDHI KOVIL,4504,1351.2,1126.0000000000002
School,Private,ACHIEVE SCHOOL,63,PUDUPALAYAM,4495,1348.5,1123.7500000000002
School,State,ACHIEVE SCHOOL,63,KANDASAMY NAGAR,4744,1423.2,1186.0000000000002
School,Corporation,CULTIVATE SCHOOL,63,TIRUPUR,5516,1654.8,1379.0000000000002
School,Private,ACHIEVE SCHOOL,63,KOVAI,4651,1395.3,1162.7500000000002
School,State,THRIVE SCHOOL,63,KANDASAMY NAGAR,1683,504.9,420.7500000000001
School,Corporation,PROGRESS SCHOOL,63,PUDUPALAYAM,4731,1419.3,1182.7500000000002
School,Private,CULTIVATE SCHOOL,63,KOVAI,1535,460.5,383.75000000000006
School,State,CULTIVATE SCHOOL,63,KANDASAMY NAGAR,1114,334.2,278.50000000000006
School,Corporation,THRIVE SCHOOL,63,KANDASAMY NAGAR,2657,797.1,664.2500000000001
School,Private,THRIVE SCHOOL,63,PUDUPALAYAM,1031,309.3,257.75000000000006
School,State,PROGRESS SCHOOL,63,KOVAI,2264,679.1999999999999,566.0000000000001
School,Corporation,THRIVE SCHOOL,63,KANDASAMY NAGAR,1837,551.1,459.2500000000001
School,Private,THRIVE SCHOOL,63,PUDUPALAYAM,5520,1656.0,1380.0000000000002
School,State,ACHIEVE SCHOOL,63,KOVAI,4786,1435.8,1196.5000000000002
School,Corporation,THRIVE SCHOOL,63,GANDHI KOVIL,3750,1125.0,937.5000000000002
School,Private,THRIVE SCHOOL,63,KANDASAMY NAGAR,5192,1557.6,1298.0000000000002
School,State,ACHIEVE SCHOOL,63,PUDUPALAYAM,3175,952.5,793.7500000000002
School,Corporation,CULTIVATE SCHOOL,63,KOVAI,1932,579.6,483.0000000000001
School,Private,THRIVE SCHOOL,63,KANDASAMY NAGAR,4490,1347.0,1122.5000000000002
School,State,THRIVE SCHOOL,63,KANDASAMY NAGAR,1451,435.3,362.75000000000006
School,Corporation,THRIVE SCHOOL,63,PUDUPALAYAM,3725,1117.5,931.2500000000002
School,Private,THRIVE SCHOOL,63,KANDASAMY NAGAR,1081,324.3,270.25000000000006
School,State,THRIVE SCHOOL,63,PUDUPALAYAM,5609,1682.7,1402.2500000000002
School,Corporation,THRIVE SCHOOL,63,KOVAI,1104,331.2,276.00000000000006
School,Private,THRIVE SCHOOL,63,KANDASAMY NAGAR,2951,885.3,737.7500000000001
School,State,THRIVE SCHOOL,63,PUDUPALAYAM,4736,1420.8,1184.0000000000002
School,Corporation,THRIVE SCHOOL,63,KANDASAMY NAGAR,2747,824.1,686.7500000000001
School,Private,THRIVE SCHOOL,63,KOVAI,2810,843.0,702.5000000000001
School,State,THRIVE SCHOOL,63,PUDUPALAYAM,2624,787.1999999999999,656.0000000000001
School,Corporation,THRIVE SCHOOL,63,KANDASAMY NAGAR,1139,341.7,284.75000000000006
School,Private,THRIVE SCHOOL,63,GANDHI KOVIL,2069,620.6999999999999,517.2500000000001
School,State,THRIVE SCHOOL,63,KANDASAMY NAGAR,5329,1598.7,1332.2500000000002
School,Corporation,THRIVE SCHOOL,63,PUDUPALAYAM,1963,588.9,490.7500000000001
School,Private,THRIVE SCHOOL,63,KOVAI,3653,1095.8999999999999,913.2500000000002
School,State,THRIVE SCHOOL,63,KANDASAMY NAGAR,4111,1233.3,1027.7500000000002
School,Corporation,THRIVE SCHOOL,63,KOVAI,1676,502.79999999999995,419.0000000000001
School,Private,THRIVE SCHOOL,63,KANDASAMY NAGAR,5628,1688.3999999999999,1407.0000000000002
School,State,THRIVE SCHOOL,63,PUDUPALAYAM,2035,610.5,508.7500000000001
School,Corporation,THRIVE SCHOOL,63,KANDASAMY NAGAR,5747,1724.1,1436.7500000000002
School,Private,THRIVE SCHOOL,63,PUDUPALAYAM,2774,832.1999999999999,693.5000000000001
School,State,THRIVE SCHOOL,63,KANDASAMY NAGAR,1612,483.59999999999997,403.0000000000001
School,Corporation,THRIVE SCHOOL,63,PUDUPALAYAM,4911,1473.3,1227.7500000000002
School,Private,THRIVE SCHOOL,63,KANDASAMY NAGAR,2491,747.3,622.7500000000001
School,State,THRIVE SCHOOL,63,PUDUPALAYAM,2289,686.6999999999999,572.2500000000001
School,Corporation,THRIVE SCHOOL,63,KANDASAMY NAGAR,3924,1177.2,981.0000000000002
School,Private,THRIVE SCHOOL,63,PUDUPALAYAM,5665,1699.5,1416.2500000000002
School,State,THRIVE SCHOOL,63,KANDASAMY NAGAR,2685,805.5,671.2500000000001
School,Corporation,THRIVE SCHOOL,63,PUDUPALAYAM,4916,1474.8,1229.0000000000002
School,Private,THRIVE SCHOOL,63,KANDASAMY NAGAR,3308,992.4,827.0000000000002
School,State,THRIVE SCHOOL,63,PUDUPALAYAM,2714,814.1999999999999,678.5000000000001
School,Corporation,THRIVE SCHOOL,63,KANDASAMY NAGAR,1024,307.2,256.00000000000006
School,Private,THRIVE SCHOOL,63,PUDUPALAYAM,4322,1296.6,1080.5000000000002
School,State,THRIVE SCHOOL,63,KANDASAMY NAGAR,4004,1201.2,1001.0000000000002
School,Corporation,THRIVE SCHOOL,63,PUDUPALAYAM,1008,302.4,252.00000000000006
School,Private,THRIVE SCHOOL,63,KANDASAMY NAGAR,5002,1500.6,1250.5000000000002
School,State,THRIVE SCHOOL,63,PUDUPALAYAM,3069,920.6999999999999,767.2500000000001
School,Corporation,THRIVE SCHOOL,63,KANDASAMY NAGAR,1388,416.4,347.00000000000006
School,Private,THRIVE SCHOOL,63,PUDUPALAYAM,1405,421.5,351.25000000000006
School,State,THRIVE SCHOOL,63,KANDASAMY NAGAR,1817,545.1,454.2500000000001
School,Corporation,THRIVE SCHOOL,63,PUDUPALAYAM,4126,1237.8,1031.5000000000002
School,Private,THRIVE SCHOOL,63,KANDASAMY NAGAR,1093,327.9,273.25000000000006
School,State,THRIVE SCHOOL,63,PUDUPALAYAM,2329,698.6999999999999,582.2500000000001
School,Corporation,THRIVE SCHOOL,63,KANDASAMY NAGAR,3157,947.0999999999999,789.2500000000002
School,Private,THRIVE SCHOOL,63,PUDUPALAYAM,4961,1488.3,1240.2500000000002
School,State,THRIVE SCHOOL,63,KANDASAMY NAGAR,1030,309.0,257.50000000000006
School,Corporation,THRIVE SCHOOL,63,PUDUPALAYAM,4704,1411.2,1176.0000000000002
School,Private,THRIVE SCHOOL,63,KANDASAMY NAGAR,4662,1398.6,1165.5000000000002
School,State,THRIVE SCHOOL,63,PUDUPALAYAM,1910,573.0,477.5000000000001
School,Corporation,THRIVE SCHOOL,63,KANDASAMY NAGAR,5383,1614.8999999999999,1345.7500000000002
School,Private,THRIVE SCHOOL,63,PUDUPALAYAM,1469,440.7,367.25000000000006
School,State,THRIVE SCHOOL,63,KANDASAMY NAGAR,1999,599.6999999999999,499.7500000000001
School,Corporation,THRIVE SCHOOL,63,KANDASAMY NAGAR,5482,1644.6,1370.5000000000002
School,Private,THRIVE SCHOOL,63,PUDUPALAYAM,5864,1759.2,1466.0000000000002
School,State,THRIVE SCHOOL,63,KANDASAMY NAGAR,5205,1561.5,1301.2500000000002
School,Corporation,THRIVE SCHOOL,63,KOVAI,5499,1649.7,1374.7500000000002
School,Private,THRIVE SCHOOL,63,KANDASAMY NAGAR,5248,1574.3999999999999,1312.0000000000002
School,State,THRIVE SCHOOL,63,PUDUPALAYAM,5437,1631.1,1359.2500000000002
School,Corporation,THRIVE SCHOOL,63,KANDASAMY NAGAR,4240,1272.0,1060.0000000000002
School,Private,THRIVE SCHOOL,63,PUDUPALAYAM,3361,1008.3,840.2500000000002
School,State,THRIVE SCHOOL,63,KANDASAMY NAGAR,2849,854.6999999999999,712.2500000000001
School,Corporation,THRIVE SCHOOL,63,KANDASAMY NAGAR,4617,1385.1,1154.2500000000002
School,Private,THRIVE SCHOOL,63,KANDASAMY NAGAR,3386,1015.8,846.5000000000002
School,State,THRIVE SCHOOL,63,PUDUPALAYAM,3746,1123.8,936.5000000000002
School,Corporation,THRIVE SCHOOL,63,KANDASAMY NAGAR,5747,1724.1,1436.7500000000002
School,Private,THRIVE SCHOOL,63,KANDASAMY NAGAR,3852,1155.6,963.0000000000002
School,State,THRIVE SCHOOL,63,PUDUPALAYAM,5586,1675.8,1396.5000000000002
School,Corporation,THRIVE SCHOOL,63,KOVAI,1713,513.9,428.2500000000001
School,Private,THRIVE SCHOOL,63,KANDASAMY NAGAR,2237,671.1,559.2500000000001
School,State,THRIVE SCHOOL,63,PUDUPALAYAM,1512,453.59999999999997,378.00000000000006
School,Corporation,THRIVE SCHOOL,63,KANDASAMY NAGAR,2082,624.6,520.5000000000001
School,Private,THRIVE SCHOOL,63,KOVAI,3583,1074.8999999999999,895.7500000000002
School,State,THRIVE SCHOOL,63,KANDASAMY NAGAR,1732,519.6,433.0000000000001
School,Corporation,THRIVE SCHOOL,63,PUDUPALAYAM,3745,1123.5,936.2500000000002
School,Private,THRIVE SCHOOL,63,KANDASAMY NAGAR,2497,749.1,624.2500000000001
School,State,THRIVE SCHOOL,63,PUDUPALAYAM,1125,337.5,281.25000000000006
School,Corporation,THRIVE SCHOOL,63,KANDASAMY NAGAR,4385,1315.5,1096.2500000000002
School,Private,THRIVE SCHOOL,63,PUDUPALAYAM,5144,1543.2,1286.0000000000002
School,State,THRIVE SCHOOL,63,KANDASAMY NAGAR,3392,1017.5999999999999,848.0000000000002
School,Corporation,THRIVE SCHOOL,63,PUDUPALAYAM,3952,1185.6,988.0000000000002
School,Private,THRIVE SCHOOL,63,KANDASAMY NAGAR,1376,412.8,344.00000000000006
School,State,THRIVE SCHOOL,63,PUDUPALAYAM,5172,1551.6,1293.0000000000002
School,Corporation,THRIVE SCHOOL,63,KANDASAMY NAGAR,2942,882.6,735.5000000000001
School,Private,THRIVE SCHOOL,63,PUDUPALAYAM,1481,444.3,370.25000000000006
School,State,THRIVE SCHOOL,63,KANDASAMY NAGAR,5041,1512.3,1260.2500000000002
School,Corporation,THRIVE SCHOOL,63,PUDUPALAYAM,4290,1287.0,1072.5000000000002
School,Private,THRIVE SCHOOL,63,KANDASAMY NAGAR,3726,1117.8,931.5000000000002
School,State,THRIVE SCHOOL,63,PUDUPALAYAM,5230,1569.0,1307.5000000000002
School,Corporation,THRIVE SCHOOL,63,KANDASAMY NAGAR,3552,1065.6,888.0000000000002
School,Private,THRIVE SCHOOL,63,PUDUPALAYAM,2662,798.6,665.5000000000001
School,State,THRIVE SCHOOL,63,KANDASAMY NAGAR,1721,516.3,430.2500000000001
School,Corporation,THRIVE SCHOOL,63,PUDUPALAYAM,2121,636.3,530.2500000000001
School,Private,THRIVE SCHOOL,63,KANDASAMY NAGAR,4971,1491.3,1242.7500000000002
School,State,THRIVE SCHOOL,63,PUDUPALAYAM,1576,472.79999999999995,394.0000000000001
School,Corporation,THRIVE SCHOOL,63,KANDASAMY NAGAR,4948,1484.3999999999999,1237.0000000000002
School,Private,THRIVE SCHOOL,63,PUDUPALAYAM,4111,1233.3,1027.7500000000002
School,State,THRIVE SCHOOL,63,KANDASAMY NAGAR,3074,922.1999999999999,768.5000000000002
School,Corporation,THRIVE SCHOOL,63,PUDUPALAYAM,1730,519.0,432.5000000000001
School,Private,THRIVE SCHOOL,63,KANDASAMY NAGAR,4734,1420.2,1183.5000000000002
School,State,THRIVE SCHOOL,63,PUDUPALAYAM,2767,830.1,691.7500000000001
School,Corporation,THRIVE SCHOOL,63,KANDASAMY NAGAR,4610,1383.0,1152.5000000000002
School,Private,THRIVE SCHOOL,63,PUDUPALAYAM,2385,715.5,596.2500000000001
School,State,THRIVE SCHOOL,63,KANDASAMY NAGAR,4718,1415.3999999999999,1179.5000000000002
School,Corporation,THRIVE SCHOOL,63,PUDUPALAYAM,4436,1330.8,1109.0000000000002
School,Private,THRIVE SCHOOL,63,KANDASAMY NAGAR,5199,1559.7,1299.7500000000002
School,State,THRIVE SCHOOL,63,PUDUPALAYAM,3962,1188.6,990.5000000000002
School,Corporation,THRIVE SCHOOL,63,KANDASAMY NAGAR,1003,300.9,250.75000000000006
School,Private,THRIVE SCHOOL,63,PUDUPALAYAM,4831,1449.3,1207.7500000000002
School,State,THRIVE SCHOOL,63,KANDASAMY NAGAR,5241,1572.3,1310.2500000000002
School,Corporation,THRIVE SCHOOL,63,PUDUPALAYAM,4815,1444.5,1203.7500000000002
School,Private,THRIVE SCHOOL,63,KANDASAMY NAGAR,5697,1709.1,1424.2500000000002
School,State,THRIVE SCHOOL,63,PUDUPALAYAM,2360,708.0,590.0000000000001
School,Corporation,THRIVE SCHOOL,63,KANDASAMY NAGAR,2303,690.9,575.7500000000001
School,Private,THRIVE SCHOOL,63,PUDUPALAYAM,3598,1079.3999999999999,899.5000000000002
School,State,THRIVE SCHOOL,63,KANDASAMY NAGAR,3258,977.4,814.5000000000002
School,Corporation,THRIVE SCHOOL,63,PUDUPALAYAM,5331,1599.3,1332.7500000000002
School,Private,THRIVE SCHOOL,63,KANDASAMY NAGAR,2866,859.8,716.5000000000001
School,State,THRIVE SCHOOL,63,PUDUPALAYAM,5831,1749.3,1457.7500000000002
School,Corporation,THRIVE SCHOOL,63,KANDASAMY NAGAR,3994,1198.2,998.5000000000002
School,Private,THRIVE SCHOOL,63,PUDUPALAYAM,4113,1233.8999999999999,1028.2500000000002
School,State,THRIVE SCHOOL,63,KANDASAMY NAGAR,2453,735.9,613.2500000000001
School,Corporation,THRIVE SCHOOL,63,PUDUPALAYAM,5680,1704.0,1420.0000000000002
School,Private,THRIVE SCHOOL,63,KANDASAMY NAGAR,3293,987.9,823.2500000000002
School,State,THRIVE SCHOOL,63,PUDUPALAYAM,2445,733.5,611.2500000000001
School,Corporation,THRIVE SCHOOL,63,KANDASAMY NAGAR,4742,1422.6,1185.5000000000002
School,Private,THRIVE SCHOOL,63,PUDUPALAYAM,5294,1588.2,1323.5000000000002
School,State,THRIVE SCHOOL,63,KANDASAMY NAGAR,5730,1719.0,1432.5000000000002
School,Corporation,THRIVE SCHOOL,63,PUDUPALAYAM,3048,914.4,762.0000000000001
School,Private,THRIVE SCHOOL,63,KANDASAMY NAGAR,4525,1357.5,1131.2500000000002
School,State,THRIVE SCHOOL,63,PUDUPALAYAM,3788,1136.3999999999999,947.0000000000002
School,Corporation,THRIVE SCHOOL,63,KANDASAMY NAGAR,4243,1272.8999999999999,1060.7500000000002
School,Private,THRIVE SCHOOL,63,PUDUPALAYAM,4209,1262.7,1052.2500000000002
School,State,THRIVE SCHOOL,63,KANDASAMY NAGAR,4974,1492.2,1243.5000000000002
School,Corporation,THRIVE SCHOOL,63,PUDUPALAYAM,1768,530.4,442.0000000000001
School,Private,THRIVE SCHOOL,63,KANDASAMY NAGAR,5845,1753.5,1461.2500000000002
School,State,THRIVE SCHOOL,63,PUDUPALAYAM,4221,1266.3,1055.2500000000002
School,Corporation,THRIVE SCHOOL,63,KANDASAMY NAGAR,2618,785.4,654.5000000000001
School,State,THRIVE SCHOOL,63,PUDUPALAYAM,1565,469.5,391.2500000000001
School,Corporation,THRIVE SCHOOL,63,KANDASAMY NAGAR,4297,1289.1,1074.2500000000002
School,Private,THRIVE SCHOOL,63,PUDUPALAYAM,3950,1185.0,987.5000000000002
School,State,THRIVE SCHOOL,63,KANDASAMY NAGAR,2620,786.0,655.0000000000001
School,Corporation,THRIVE SCHOOL,63,PUDUPALAYAM,1780,534.0,445.0000000000001
School,Private,THRIVE SCHOOL,63,KANDASAMY NAGAR,2718,815.4,679.5000000000001
School,State,THRIVE SCHOOL,63,PUDUPALAYAM,1850,555.0,462.5000000000001
School,Corporation,THRIVE SCHOOL,63,KANDASAMY NAGAR,4977,1493.1,1244.2500000000002
School,Private,THRIVE SCHOOL,63,PUDUPALAYAM,2081,624.3,520.2500000000001
School,State,THRIVE SCHOOL,63,KANDASAMY NAGAR,1874,562.1999999999999,468.5000000000001
School,Corporation,THRIVE SCHOOL,63,PUDUPALAYAM,1850,555.0,462.5000000000001
School,Private,THRIVE SCHOOL,63,KANDASAMY NAGAR,3042,912.6,760.5000000000001
School,State,THRIVE SCHOOL,63,PUDUPALAYAM,5126,1537.8,1281.5000000000002
School,Corporation,THRIVE SCHOOL,63,KANDASAMY NAGAR,4464,1339.2,1116.0000000000002
School,Private,THRIVE SCHOOL,63,PUDUPALAYAM,2468,740.4,617.0000000000001
School,State,THRIVE SCHOOL,63,KANDASAMY NAGAR,3198,959.4,799.5000000000002
School,Corporation,THRIVE SCHOOL,63,PUDUPALAYAM,2216,664.8,554.0000000000001
School,Private,THRIVE SCHOOL,63,KANDASAMY NAGAR,4800,1440.0,1200.0000000000002
School,State,THRIVE SCHOOL,63,PUDUPALAYAM,5222,1566.6,1305.5000000000002
School,Corporation,THRIVE SCHOOL,63,KANDASAMY NAGAR,2596,778.8,649.0000000000001
School,Private,THRIVE SCHOOL,63,PUDUPALAYAM,5486,1645.8,1371.5000000000002
School,State,THRIVE SCHOOL,63,KANDASAMY NAR,3281,984.3,820.2500000000002
School,Corporation,THRIVE SCHOOL,63,KANDASAMY NAGAR,2211,663.3,552.7500000000001
School,Private,THRIVE SCHOOL,63,PUDUPALAYAM,4279,1283.7,1069.7500000000002
School,State,THRIVE SCHOOL,63,KANDASAMY NAGAR,4543,1362.8999999999999,1135.7500000000002
School,Corporation,THRIVE SCHOOL,63,PUDUPALAYAM,5902,1770.6,1475.5000000000002
School,Private,THRIVE SCHOOL,63,KANDASAMY NAGAR,4371,1311.3,1092.7500000000002
School,State,THRIVE SCHOOL,63,PUDUPALAYAM,1826,547.8,456.5000000000001
School,Corporation,THRIVE SCHOOL,63,KANDASAMY NAGAR,5671,1701.3,1417.7500000000002
School,Private,THRIVE SCHOOL,63,PUDUPALAYAM,5534,1660.2,1383.5000000000002
School,State,THRIVE SCHOOL,63,KANDASAMY NAGAR,3589,1076.7,897.2500000000002
School,Corporation,THRIVE SCHOOL,63,PUDUPALAYAM,4120,1236.0,1030.0000000000002
School,Private,THRIVE SCHOOL,63,KANDASAMY NAGAR,4305,1291.5,1076.2500000000002
School,State,THRIVE SCHOOL,63,PUDUPALAYAM,2660,798.0,665.0000000000001
School,Corporation,THRIVE SCHOOL,63,KANDASAMY NAGAR,4505,1351.5,1126.2500000000002
School,Private,THRIVE SCHOOL,63,PUDUPALAYAM,4429,1328.7,1107.2500000000002
School,State,THRIVE SCHOOL,63,KANDASAMY NAGAR,4053,1215.8999999999999,1013.2500000000002
School,Corporation,THRIVE SCHOOL,63,PUDUPALAYAM,4311,1293.3,1077.7500000000002
School,Private,THRIVE SCHOOL,63,KANDASAMY NAGAR,5409,1622.7,1352.2500000000002
School,State,THRIVE SCHOOL,63,PUDUPALAYAM,1619,485.7,404.7500000000001
School,Corporation,THRIVE SCHOOL,63,KANDASAMY NAGAR,4530,1359.0,1132.5000000000002
School,Private,THRIVE SCHOOL,63,PUDUPALAYAM,1897,569.1,474.2500000000001
School,State,THRIVE SCHOOL,63,KANDASAMY NAGAR,2535,760.5,633.7500000000001
School,Corporation,THRIVE SCHOOL,63,PUDUPALAYAM,2615,784.5,653.7500000000001
School,Private,THRIVE SCHOOL,63,KANDASAMY NAGAR,5367,1610.1,1341.7500000000002
School,State,THRIVE SCHOOL,63,PUDUPALAYAM,3395,1018.5,848.7500000000002
School,Corporation,THRIVE SCHOOL,63,KANDASAMY NAGAR,1590,477.0,397.5000000000001
School,Private,THRIVE SCHOOL,63,PUDUPALAYAM,3828,1148.3999999999999,957.0000000000002
School,State,THRIVE SCHOOL,63,KANDASAMY NAGAR,2170,651.0,542.5000000000001
School,Corporation,THRIVE SCHOOL,63,PUDUPALAYAM,2270,681.0,567.5000000000001
School,Private,THRIVE SCHOOL,63,KANDASAMY NAGAR,3202,960.5999999999999,800.5000000000002
School,State,THRIVE SCHOOL,63,PUDUPALAYAM,3154,946.1999999999999,788.5000000000002
School,Corporation,THRIVE SCHOOL,63,KANDASAMY NAGAR,1346,403.8,336.50000000000006
School,Private,THRIVE SCHOOL,63,PUDUPALAYAM,3389,1016.6999999999999,847.2500000000002
School,State,THRIVE SCHOOL,63,KANDASAMY NAGAR,3892,1167.6,973.0000000000002
School,Corporation,THRIVE SCHOOL,63,PUDUPALAYAM,1667,500.09999999999997,416.7500000000001
School,Private,THRIVE SCHOOL,63,KANDASAMY NAGAR,4170,1251.0,1042.5000000000002
School,State,THRIVE SCHOOL,63,PUDUPALAYAM,5948,1784.3999999999999,1487.0000000000002
School,Corporation,THRIVE SCHOOL,63,KANDASAMY NAGAR,2872,861.6,718.0000000000001
School,Private,THRIVE SCHOOL,63,PUDUPALAYAM,3828,1148.3999999999999,957.0000000000002
School,State,THRIVE SCHOOL,63,KANDASAMY NAGAR,1546,463.79999999999995,386.5000000000001
School,Corporation,THRIVE SCHOOL,63,PUDUPALAYAM,5981,1794.3,1495.2500000000002
School,Private,THRIVE SCHOOL,63,KANDASAMY NAGAR,2531,759.3,632.7500000000001
School,State,THRIVE SCHOOL,63,PUDUPALAYAM,4636,1390.8,1159.0000000000002
School,Corporation,THRIVE SCHOOL,63,KANDASAMY NAGAR,5312,1593.6,1328.0000000000002
School,State,THRIVE SCHOOL,63,PUDUPALAYAM,4187,1256.1,1046.7500000000002
School,Corporation,THRIVE SCHOOL,63,KANDASAMY NAGAR,4403,1320.8999999999999,1100.7500000000002
School,Private,THRIVE SCHOOL,63,PUDUPALAYAM,2754,826.1999999999999,688.5000000000001
School,State,THRIVE SCHOOL,63,KANDASAMY NAGAR,2177,653.1,544.2500000000001
School,Corporation,THRIVE SCHOOL,63,PUDUPALAYAM,3162,948.5999999999999,790.5000000000002
School,Private,THRIVE SCHOOL,63,KANDASAMY NAGAR,2307,692.1,576.7500000000001
School,State,THRIVE SCHOOL,63,PUDUPALAYAM,3125,937.5,781.2500000000002
School,Corporation,THRIVE SCHOOL,63,KANDASAMY NAGAR,1533,459.9,383.25000000000006
School,State,THRIVE SCHOOL,63,PUDUPALAYAM,5458,1637.3999999999999,1364.5000000000002
School,Corporation,THRIVE SCHOOL,63,KANDASAMY NAGAR,2773,831.9,693.2500000000001
School,Private,THRIVE SCHOOL,63,PUDUPALAYAM,2238,671.4,559.5000000000001
School,State,THRIVE SCHOOL,63,KANDASAMY NAGAR,3976,1192.8,994.0000000000002
School,Corporation,THRIVE SCHOOL,63,PUDUPALAYAM,2655,796.5,663.7500000000001
School,Private,THRIVE SCHOOL,63,KANDASAMY NAGAR,1951,585.3,487.7500000000001
School,State,THRIVE SCHOOL,63,PUDUPALAYAM,1155,346.5,288.75000000000006
School,Corporation,THRIVE SCHOOL,63,KANDASAMY NAGAR,2061,618.3,515.2500000000001
School,Private,THRIVE SCHOOL,63,PUDUPALAYAM,1600,480.0,400.0000000000001
School,State,THRIVE SCHOOL,63,KANDASAMY NAGAR,1616,484.79999999999995,404.0000000000001
School,Corporation,THRIVE SCHOOL,63,PUDUPALAYAM,2408,722.4,602.0000000000001
School,Private,THRIVE SCHOOL,63,KANDASAMY NAGAR,3687,1106.1,921.7500000000002
School,State,THRIVE SCHOOL,63,PUDUPALAYAM,3436,1030.8,859.0000000000002
School,Corporation,THRIVE SCHOOL,63,KANDASAMY NAGAR,1650,495.0,412.5000000000001
School,Private,THRIVE SCHOOL,63,PUDUPALAYAM,2553,765.9,638.2500000000001
School,State,THRIVE SCHOOL,63,KANDASAMY NAGAR,4916,1474.8,1229.0000000000002
School,Corporation,THRIVE SCHOOL,63,PUDUPALAYAM,3120,936.0,780.0000000000002
School,Private,THRIVE SCHOOL,63,KANDASAMY NAGAR,4532,1359.6,1133.0000000000002
School,State,THRIVE SCHOOL,63,PUDUPALAYAM,5944,1783.2,1486.0000000000002
School,Corporation,THRIVE SCHOOL,63,KANDASAMY NAGAR,2430,729.0,607.5000000000001
School,Private,THRIVE SCHOOL,63,PUDUPALAYAM,3680,1104.0,920.0000000000002
School,State,THRIVE SCHOOL,63,KANDASAMY NAGAR,5699,1709.7,1424.7500000000002
School,Corporation,THRIVE SCHOOL,63,PUDUPALAYAM,1577,473.09999999999997,394.2500000000001
School,Private,THRIVE SCHOOL,63,KANDASAMY NAGAR,4083,1224.8999999999999,1020.7500000000002
School,State,THRIVE SCHOOL,63,PUDUPALAYAM,4638,1391.3999999999999,1159.5000000000002
School,Corporation,THRIVE SCHOOL,63,KANDASAMY NAGAR,1764,529.1999999999999,441.0000000000001
School,Private,THRIVE SCHOOL,63,PUDUPALAYAM,4411,1323.3,1102.7500000000002
School,State,THRIVE SCHOOL,63,KANDASAMY NAGAR,4826,1447.8,1206.5000000000002
School,Corporation,THRIVE SCHOOL,63,PUDUPALAYAM,1595,478.5,398.7500000000001
School,Private,THRIVE SCHOOL,63,KANDASAMY NAGAR,4615,1384.5,1153.7500000000002
School,State,THRIVE SCHOOL,63,PUDUPALAYAM,4754,1426.2,1188.5000000000002
School,Corporation,THRIVE SCHOOL,63,KANDASAMY NAGAR,1561,468.29999999999995,390.2500000000001
School,Private,THRIVE SCHOOL,63,PUDUPALAYAM,3799,1139.7,949.7500000000002
School,State,THRIVE SCHOOL,63,KANDASAMY NAGAR,3247,974.0999999999999,811.7500000000002
School,Corporation,THRIVE SCHOOL,63,PUDUPALAYAM,5956,1786.8,1489.0000000000002
School,Private,THRIVE SCHOOL,63,KANDASAMY NAGAR,2470,741.0,617.5000000000001
School,State,THRIVE SCHOOL,63,PUDUPALAYAM,1838,551.4,459.5000000000001
School,Corporation,THRIVE SCHOOL,63,KANDASAMY NAGAR,5371,1611.3,1342.7500000000002
School,Private,THRIVE SCHOOL,63,PUDUPALAYAM,2949,884.6999999999999,737.2500000000001
School,State,THRIVE SCHOOL,63,KANDASAMY NAGAR,1664,499.2,416.0000000000001
School,Corporation,THRIVE SCHOOL,63,PUDUPALAYAM,1698,509.4,424.5000000000001
School,Private,THRIVE SCHOOL,63,KANDASAMY NAGAR,3988,1196.3999999999999,997.0000000000002
School,State,THRIVE SCHOOL,63,PUDUPALAYAM,1060,318.0,265.00000000000006
School,Corporation,THRIVE SCHOOL,63,KANDASAMY NAGAR,3223,966.9,805.7500000000002
School,Private,THRIVE SCHOOL,63,PUDUPALAYAM,3303,990.9,825.7500000000002
School,State,THRIVE SCHOOL,63,KANDASAMY NAGAR,5117,1535.1,1279.2500000000002
School,Corporation,THRIVE SCHOOL,63,PUDUPALAYAM,2290,687.0,572.5000000000001
School,Private,THRIVE SCHOOL,63,KANDASAMY NAGAR,5101,1530.3,1275.2500000000002
School,State,THRIVE SCHOOL,63,PUDUPALAYAM,3222,966.5999999999999,805.5000000000002
School,Corporation,THRIVE SCHOOL,63,KANDASAMY NAGAR,4012,1203.6,1003.0000000000002
School,Private,THRIVE SCHOOL,63,PUDUPALAYAM,1934,580.1999999999999,483.5000000000001
School,State,THRIVE SCHOOL,63,KANDASAMY NAGAR,5029,1508.7,1257.2500000000002
School,Corporation,THRIVE SCHOOL,63,PUDUPALAYAM,3972,1191.6,993.0000000000002
School,Private,THRIVE SCHOOL,63,KANDASAMY NAGAR,2479,743.6999999999999,619.7500000000001
School,State,THRIVE SCHOOL,63,PUDUPALAYAM,1642,492.59999999999997,410.5000000000001
School,Corporation,THRIVE SCHOOL,63,KANDASAMY NAGAR,2836,850.8,709.0000000000001
School,Private,THRIVE SCHOOL,63,PUDUPALAYAM,1406,421.8,351.50000000000006
School,State,THRIVE SCHOOL,63,KANDASAMY NAGAR,2092,627.6,523.0000000000001
School,Corporation,THRIVE SCHOOL,63,PUDUPALAYAM,5887,1766.1,1471.7500000000002
School,Private,THRIVE SCHOOL,63,KANDASAMY NAGAR,1344,403.2,336.00000000000006
School,State,THRIVE SCHOOL,63,PUDUPALAYAM,4278,1283.3999999999999,1069.5000000000002
School,Corporation,THRIVE SCHOOL,63,KANDASAMY NAGAR,4968,1490.3999999999999,1242.0000000000002
School,Private,THRIVE SCHOOL,63,PUDUPALAYAM,3888,1166.3999999999999,972.0000000000002
School,State,THRIVE SCHOOL,63,KANDASAMY NAGAR,3625,1087.5,906.2500000000002
School,Corporation,THRIVE SCHOOL,63,PUDUPALAYAM,1296,388.8,324.00000000000006
School,Private,THRIVE SCHOOL,63,KANDASAMY NAGAR,5587,1676.1,1396.7500000000002
School,State,THRIVE SCHOOL,63,PUDUPALAYAM,5248,1574.3999999999999,1312.0000000000002
School,Corporation,THRIVE SCHOOL,63,KANDASAMY NAGAR,2750,825.0,687.5000000000001
School,Private,THRIVE SCHOOL,63,PUDUPALAYAM,3086,925.8,771.5000000000002
School,State,THRIVE SCHOOL,63,KANDASAMY NAGAR,1626,487.79999999999995,406.5000000000001
School,Corporation,THRIVE SCHOOL,63,PUDUPALAYAM,4243,1272.8999999999999,1060.7500000000002
School,Private,THRIVE SCHOOL,63,KANDASAMY NAGAR,3422,1026.6,855.5000000000002
School,State,THRIVE SCHOOL,63,PUDUPALAYAM,3235,970.5,808.7500000000002
School,Corporation,THRIVE SCHOOL,63,KANDASAMY NAGAR,5235,1570.5,1308.7500000000002
School,Private,THRIVE SCHOOL,63,PUDUPALAYAM,2845,853.5,711.2500000000001
School,State,THRIVE SCHOOL,63,KANDASAMY NAGAR,1758,527.4,439.5000000000001
School,Corporation,THRIVE SCHOOL,63,PUDUPALAYAM,4006,1201.8,1001.5000000000002
School,Private,THRIVE SCHOOL,63,KANDASAMY NAGAR,2787,836.1,696.7500000000001
School,State,THRIVE SCHOOL,63,PUDUPALAYAM,5213,1563.8999999999999,1303.2500000000002
School,Corporation,THRIVE SCHOOL,63,KANDASAMY NAGAR,2925,877.5,731.2500000000001
School,Private,THRIVE SCHOOL,63,PUDUPALAYAM,3992,1197.6,998.0000000000002
